episode,avg_reward,avg_loss,avg_vloss,avg_aloss
50,-5.3106575,-73.62288,4.684622,-78.30752
100,-5.2451534,-44.73662,2.7750056,-47.51162
150,-5.1698427,-0.215821,0.42598546,-0.6418064
200,-5.2531905,-0.94429994,0.3313498,-1.2756497
250,-5.1652308,0.0025597191,0.31916782,-0.3166082
300,-5.183596,-0.43954346,0.32282367,-0.7623669
350,-5.231424,-0.04341006,0.32539126,-0.36880112
400,-5.2321343,-0.026461365,0.3476422,-0.37410358
450,-5.2356677,-1.5041062,0.29766324,-1.8017696
500,-5.150364,-0.41270226,0.35011214,-0.76281416
550,-5.250803,-0.6904982,0.367157,-1.0576555
600,-5.215003,0.037165586,0.34692013,-0.3097544
650,-5.308127,-1.627242,0.2794795,-1.9067209
700,-5.2544975,0.6026803,0.29543114,0.30724913
750,-5.2693844,-0.7431569,0.31895325,-1.0621101
800,-5.182588,-0.17349888,0.29446232,-0.46796113
850,-5.196903,-0.0698997,0.31818944,-0.3880892
900,-5.2732825,-0.27613774,0.32939517,-0.6055329
950,-5.2932796,-0.44492513,0.34713775,-0.7920628
1000,-5.1860266,0.30269355,0.2919852,0.010708392
1050,-5.2556267,-0.012509639,0.26587537,-0.27838498
1100,-5.169645,0.9823407,0.35596967,0.62637097
1150,-5.2035456,0.34723252,0.30665672,0.04057573
1200,-5.1451964,-0.2390782,0.29373163,-0.53280973
1250,-5.135618,0.18952596,0.33368674,-0.14416093
1300,-5.1824865,0.36270303,0.31055346,0.052149504
1350,-5.2124705,0.3597139,0.29623908,0.063475005
1400,-5.2795386,-0.018118486,0.31209832,-0.33021668
1450,-5.2278943,1.0626187,0.3241402,0.7384785
1500,-5.2078514,0.6121849,0.36273292,0.2494519
1550,-5.2595415,-0.7638243,0.33029383,-1.0941182
1600,-5.1804943,-0.30673513,0.34057796,-0.64731306
1650,-5.239132,-0.83484846,0.3745955,-1.2094439
1700,-5.2763124,-0.48390034,0.32394072,-0.80784094
1750,-5.2350416,-0.41887787,0.26587197,-0.68474996
1800,-5.2383027,-0.07943736,0.33995906,-0.41939643
1850,-5.2217407,0.07223065,0.33333066,-0.2611
1900,-5.183683,0.19361217,0.32004097,-0.1264288
1950,-5.248838,1.0717119,0.3246607,0.7470513
2000,-5.157942,-0.07113974,0.31743965,-0.3885795
2050,-5.2458324,0.047505904,0.31770524,-0.2701993
2100,-5.196167,0.03366774,0.32776543,-0.29409772
2150,-5.233409,-0.20815018,0.29992637,-0.5080766
2200,-5.087444,0.15566319,0.282708,-0.12704486
2250,-5.1107197,0.09314851,0.2712226,-0.1780741
2300,-4.9541626,0.11750683,0.26369792,-0.14619114
2350,-5.140741,0.037547547,0.25872803,-0.22118051
2400,-4.7795577,0.21009842,0.2554031,-0.045304652
2450,-4.77094,0.18518123,0.3063275,-0.12114628
2500,-4.6973443,0.18491316,0.27342603,-0.08851284
2550,-4.601884,-0.0075859856,0.23668778,-0.24427372
2600,-4.4572463,0.38030505,0.25661847,0.12368656
2650,-4.39603,0.15187058,0.18820886,-0.036338326
2700,-4.4290333,-0.079468094,0.23776609,-0.31723422
2750,-4.5377307,-0.056697436,0.2529016,-0.3095991
2800,-4.6430683,-0.028316827,0.23934346,-0.26766026
2850,-4.4758534,0.20331188,0.2413271,-0.038015224
2900,-4.390243,0.016193783,0.24418324,-0.22798952
2950,-4.300712,-0.11443834,0.20045215,-0.31489047
3000,-4.3015823,0.14658256,0.22334868,-0.07676614
3050,-4.2524,0.31712908,0.23574194,0.08138708
3100,-4.3263335,0.30155125,0.2554944,0.046056863
3150,-4.3346205,0.14422424,0.2325532,-0.08832895
3200,-4.480364,0.29713884,0.24604934,0.05108948
3250,-4.4260206,-0.036808804,0.25713387,-0.29394275
3300,-4.235543,0.38167363,0.20458446,0.17708912
3350,-4.343674,0.14541672,0.29383296,-0.14841636
3400,-4.2645087,0.028290076,0.19545351,-0.16716349
3450,-4.3088193,-0.08781136,0.21953855,-0.30734992
3500,-4.325661,0.09817466,0.23243535,-0.13426067
3550,-4.394099,0.27025908,0.25201774,0.018241318
3600,-4.5827885,0.10550284,0.23976737,-0.13426456
3650,-4.3966656,0.1582634,0.21983168,-0.06156827
3700,-4.426517,0.42156655,0.22664477,0.19492184
3750,-4.37037,0.23246433,0.24200049,-0.009536172
3800,-4.3052025,0.33140007,0.26891875,0.062481355
3850,-4.285451,0.1925952,0.22816285,-0.035567656
3900,-4.262083,0.30875298,0.24108714,0.06766581
3950,-4.3305364,0.14507222,0.24322753,-0.09815527
4000,-4.3483872,0.18060093,0.27392972,-0.09332876
4050,-4.3320866,0.12272729,0.21873166,-0.09600434
4100,-4.204642,0.08122246,0.19961904,-0.118396625
4150,-4.2555275,-0.20464014,0.20244959,-0.40708965
4200,-4.112232,0.76774645,0.22681238,0.5409339
4250,-4.1493034,0.30848968,0.22050634,0.087983415
4300,-4.1509395,0.4451441,0.22203545,0.22310857
4350,-4.214345,0.359608,0.24084254,0.11876539
4400,-4.2690105,0.14256826,0.2859821,-0.14341381
4450,-4.220516,0.10758509,0.23972008,-0.13213497
4500,-4.187337,0.22619575,0.23683669,-0.010640993
4550,-4.204174,-0.16206516,0.26924315,-0.43130833
4600,-4.127232,0.31165072,0.24265419,0.06899655
4650,-4.2454414,-0.09989397,0.24850507,-0.34839904
4700,-4.2842245,0.14697058,0.2436565,-0.096685916
4750,-4.3901777,0.4469756,0.25087214,0.19610351
4800,-4.2636275,0.40143424,0.21896225,0.18247211
4850,-4.199592,0.038476754,0.19606636,-0.15758958
4900,-4.1710963,0.26216522,0.24271442,0.019450795
4950,-4.299699,-0.2792722,0.24968699,-0.5289593
5000,-4.26204,0.26903066,0.22717306,0.041857775
5050,-4.3003345,0.17786403,0.2170872,-0.039223175
5100,-4.3161125,-0.035194837,0.24571444,-0.28090927
5150,-4.376389,0.22310136,0.26525012,-0.04214874
5200,-4.346187,-0.1710144,0.24023587,-0.41125023
5250,-4.391469,-0.2318911,0.26391223,-0.49580327
5300,-4.2757497,0.015571052,0.23570707,-0.22013603
5350,-4.2847557,-0.28335902,0.27879792,-0.56215686
5400,-4.228809,-0.09177511,0.24430214,-0.3360773
5450,-4.3027306,0.12798268,0.26999778,-0.14201507
5500,-4.238007,0.1697287,0.24431281,-0.074584104
5550,-4.316865,-0.016912518,0.2625247,-0.2794372
5600,-4.207933,0.06258937,0.23647103,-0.17388165
5650,-4.200215,0.00402513,0.23958355,-0.23555851
5700,-4.0758286,0.35801288,0.245756,0.112256765
5750,-4.238565,0.00022303165,0.279052,-0.27882886
5800,-4.2874856,-0.23503257,0.25812423,-0.49315685
5850,-4.222079,-0.02387431,0.25311875,-0.27699307
5900,-4.2422075,0.12524734,0.22466248,-0.09941511
5950,-4.0980635,0.33675408,0.18627943,0.15047474
6000,-4.236726,0.06869182,0.24999014,-0.1812983
6050,-4.2264614,-0.2622877,0.24601842,-0.508306
6100,-4.2041936,0.1711846,0.27095902,-0.09977437
6150,-4.2099285,-0.07560453,0.23175013,-0.3073547
6200,-4.326552,-0.24568306,0.25881326,-0.5044963
6250,-4.2350993,-0.098528,0.2687104,-0.36723846
6300,-4.3382173,-0.005989909,0.22631119,-0.23230098
6350,-4.2588515,-0.01059545,0.25827152,-0.26886705
6400,-4.2471843,0.1806075,0.22448567,-0.043878216
6450,-4.212092,0.056733407,0.27762008,-0.22088662
6500,-4.3361998,-0.023925945,0.2611281,-0.28505406
6550,-4.2479463,-0.15083364,0.2837841,-0.43461776
6600,-4.202784,0.20076458,0.23894937,-0.038184743
6650,-4.1763997,0.18628633,0.25378764,-0.06750128
6700,-4.1945357,-0.22325212,0.20216027,-0.42541242
6750,-4.155439,0.3271755,0.22948597,0.097689465
6800,-4.208171,0.25606802,0.26209345,-0.006025467
6850,-4.3219433,-0.04648757,0.22347444,-0.26996195
6900,-4.2453737,0.25369418,0.21115747,0.04253673
6950,-4.2671003,0.20164247,0.20954865,-0.007906165
7000,-4.1485915,0.30702308,0.24091905,0.066104
7050,-4.2536335,0.2260988,0.25406098,-0.027962198
7100,-4.2283735,0.30779162,0.20954096,0.098250635
7150,-4.1850677,0.2295594,0.21426105,0.015298336
7200,-4.228149,0.06344771,0.27225888,-0.20881115
7250,-4.214845,0.22719568,0.22791988,-0.00072419166
7300,-4.11573,0.32058543,0.23474385,0.08584163
7350,-4.1658463,0.21531296,0.24231094,-0.026997948
7400,-4.22573,0.38697764,0.25846294,0.1285147
7450,-4.200555,0.021824555,0.22276956,-0.20094499
7500,-4.176502,0.22705962,0.25329682,-0.026237182
7550,-4.2771525,0.20028396,0.25758788,-0.057303917
7600,-4.2198324,0.27519825,0.26029652,0.01490171
7650,-4.3326745,0.16902664,0.22041918,-0.051392574
7700,-4.1707816,0.24072087,0.25639158,-0.015670694
7750,-4.2554708,0.24409121,0.23694623,0.0071449922
7800,-4.1621494,0.4367925,0.21088697,0.22590548
7850,-4.209011,0.39925876,0.21797852,0.18128031
7900,-4.177942,-0.16847235,0.2621972,-0.43066964
7950,-4.1952653,-0.50933695,0.24958909,-0.7589258
8000,-4.101968,0.15617827,0.23328656,-0.07710826
8050,-4.0987563,0.09415024,0.24594285,-0.15179262
8100,-4.214971,0.08747019,0.24434769,-0.15687747
8150,-4.1954174,0.19025919,0.24807847,-0.057819284
8200,-4.205006,0.2963045,0.23728666,0.059017878
8250,-4.15569,0.0046101916,0.22441271,-0.21980253
8300,-4.1712494,-0.029698925,0.23091747,-0.26061648
8350,-4.146809,0.021154985,0.24805039,-0.22689545
8400,-4.1882463,-0.16145244,0.24413465,-0.40558717
8450,-4.0836787,0.19985954,0.28520805,-0.08534847
8500,-4.202543,0.13364606,0.21763739,-0.08399135
8550,-4.239916,-0.0495037,0.2543143,-0.30381802
8600,-4.1338277,-0.023379277,0.26891094,-0.29229018
8650,-4.1319537,-0.16213869,0.25625315,-0.41839194
8700,-4.341543,0.034153167,0.23876128,-0.20460808
8750,-4.317813,0.14110106,0.19094269,-0.049841624
8800,-4.357856,-0.18108492,0.25233194,-0.4334168
8850,-4.3614044,-0.42525768,0.26332888,-0.6885866
8900,-4.2709126,-0.07997132,0.27083918,-0.35081047
8950,-4.1435137,0.28023207,0.22248937,0.057742693
9000,-4.209724,-0.13257557,0.23673673,-0.36931226
9050,-4.202664,0.21324791,0.2545081,-0.041260146
9100,-4.217847,0.31226876,0.2100147,0.10225398
9150,-4.187651,0.41435748,0.24749331,0.16686426
9200,-4.1052012,0.37709513,0.22039011,0.15670511
9250,-4.1520357,0.1370656,0.23194876,-0.09488316
9300,-4.1977677,0.10693602,0.2829418,-0.17600575
9350,-4.2072926,0.19279332,0.25382733,-0.061034
9400,-4.156844,0.36672202,0.25318456,0.113537475
9450,-4.150247,0.1681034,0.23279871,-0.06469528
9500,-4.1788726,-0.026804952,0.27266178,-0.2994668
9550,-4.155386,0.02772224,0.26810652,-0.2403843
9600,-4.2196937,0.024909856,0.2668479,-0.24193811
9650,-4.161179,0.17504224,0.20930555,-0.034263317
9700,-4.2038336,0.2442556,0.2272336,0.017021984
9750,-4.209093,0.2637335,0.24682483,0.01690874
9800,-4.085566,0.103944816,0.21982417,-0.11587933
9850,-4.111736,0.12354122,0.25784966,-0.13430847
9900,-4.2743287,0.6536435,0.24356146,0.410082
9950,-4.15406,0.34942514,0.22860645,0.12081875
10000,-4.265595,0.3650176,0.2299887,0.13502884
10050,-4.3495693,0.504973,0.23728214,0.26769084
10100,-4.3227696,0.19506462,0.23538943,-0.040324822
10150,-4.274803,-0.1863391,0.24906287,-0.43540195
10200,-4.2580543,0.24261044,0.25083038,-0.008219893
10250,-4.2183013,-0.21055257,0.24467777,-0.4552304
10300,-4.1030746,0.44024593,0.28363943,0.1566064
10350,-4.1757565,0.15105423,0.26959175,-0.11853746
10400,-4.2094398,0.17991473,0.23987064,-0.05995592
10450,-4.178101,0.024222698,0.26384556,-0.23962289
10500,-4.109271,-0.050959334,0.23766258,-0.28862187
10550,-4.1972523,-0.2427097,0.24041496,-0.4831246
10600,-4.142592,-0.14735752,0.31701505,-0.46437255
10650,-4.227676,0.4928466,0.22815914,0.26468745
10700,-4.240585,0.36072853,0.26668942,0.094039105
10750,-4.2563615,0.06302618,0.27135924,-0.20833302
10800,-4.1644206,0.19248731,0.24277648,-0.05028917
10850,-4.260404,-0.2246138,0.26379296,-0.48840663
10900,-4.2336617,0.07107388,0.20659372,-0.13551983
10950,-4.177443,0.6095068,0.27589366,0.33361304
11000,-4.2181873,0.10769014,0.26204062,-0.15435037
11050,-4.210352,0.18358918,0.24702887,-0.06343965
11100,-4.2449026,0.20260137,0.27125004,-0.068648644
11150,-4.16439,0.3469978,0.2597498,0.08724803
11200,-4.0903864,0.2921021,0.22133924,0.07076283
11250,-4.1213236,0.004420998,0.23374432,-0.22932324
11300,-4.123806,0.25964278,0.30109918,-0.041456427
11350,-4.183833,-0.13978663,0.21575288,-0.35553944
11400,-4.26294,0.340505,0.26730615,0.073199004
11450,-4.1799197,0.35954082,0.26264146,0.09689933
11500,-4.1464467,0.3040946,0.24487306,0.05922154
11550,-4.248072,0.05340954,0.24422294,-0.19081345
11600,-4.233136,0.38103372,0.25818568,0.122847974
11650,-4.2249875,0.1746212,0.24339974,-0.068778604
11700,-4.1292543,0.61853886,0.24752145,0.37101734
11750,-4.183553,0.11051095,0.25943068,-0.1489197
11800,-4.1972804,0.18643244,0.20832907,-0.02189659
11850,-4.148437,0.42594922,0.21796675,0.2079824
11900,-4.0869646,0.1780473,0.2621589,-0.0841116
11950,-4.113652,-0.04390115,0.20695418,-0.25085533
12000,-4.1176424,-0.13655674,0.2571897,-0.39374653
12050,-4.213656,-0.23696193,0.2348985,-0.47186038
12100,-4.2197556,0.25098532,0.22201346,0.028971886
12150,-4.148015,0.095208004,0.24305269,-0.14784466
12200,-4.1311607,0.39111182,0.25383386,0.13727796
12250,-4.2623873,0.018943293,0.27386776,-0.2549244
12300,-4.0522175,0.17377552,0.23999064,-0.06621519
12350,-4.2186747,-0.04230578,0.2721485,-0.31445444
12400,-4.140062,0.3197313,0.23092252,0.08880865
12450,-4.1731157,0.4177832,0.2503345,0.16744854
12500,-4.1760883,0.1523213,0.25056946,-0.09824818
12550,-4.18069,0.48803237,0.20500717,0.28302518
12600,-4.234604,-0.0031574965,0.24294902,-0.24610649
12650,-4.1575103,-0.1375026,0.2635409,-0.4010435
12700,-4.0827227,-0.16394602,0.24693055,-0.4108765
12750,-4.269403,-0.08400223,0.22664273,-0.310645
12800,-4.2022986,0.15455985,0.23776382,-0.083203964
12850,-4.1450057,-0.0409256,0.24262498,-0.28355053
12900,-3.9758725,0.41261595,0.24402326,0.16859275
12950,-4.185854,0.011532014,0.21998584,-0.2084538
13000,-4.0560713,0.511922,0.22203556,0.28988644
13050,-4.1534767,0.27376944,0.25833273,0.015436759
13100,-4.1872125,0.16024376,0.26138154,-0.10113781
13150,-4.178703,0.14308324,0.21617514,-0.073091924
13200,-4.186451,-0.05207072,0.22856462,-0.2806354
13250,-4.2152767,0.062546015,0.2138562,-0.15131018
13300,-4.1972466,0.24668841,0.24289933,0.0037890435
13350,-4.125632,0.071403444,0.2571045,-0.18570101
13400,-4.2524037,-0.2827609,0.22109486,-0.50385576
13450,-4.0612526,0.3796575,0.23079884,0.1488587
13500,-4.180382,0.03621513,0.23716684,-0.20095173
13550,-4.20454,0.011032763,0.24233085,-0.23129812
13600,-4.159389,0.08706356,0.2377466,-0.15068302
13650,-4.1416755,0.28876537,0.2365877,0.05217765
13700,-4.143679,0.37330535,0.24410275,0.12920259
13750,-4.1223035,0.04415163,0.23410618,-0.18995447
13800,-4.1193676,0.14801537,0.21800265,-0.06998724
13850,-4.1608276,0.18745974,0.22047892,-0.033019222
13900,-4.203134,0.31436688,0.23843794,0.07592901
13950,-4.001386,0.38502008,0.22817509,0.15684494
14000,-4.195153,0.23107876,0.21804047,0.01303824
14050,-4.1358953,-0.21904884,0.25910547,-0.47815436
14100,-4.121795,0.0036158978,0.28028587,-0.27666995
14150,-4.174235,0.1474693,0.27103552,-0.12356621
14200,-4.122275,0.040507384,0.24002036,-0.199513
14250,-4.052714,0.21197294,0.24051201,-0.028539045
14300,-4.1000857,0.13832213,0.19286393,-0.05454181
14350,-4.193641,0.03879779,0.23058416,-0.19178636
14400,-4.248721,-0.11086323,0.25713757,-0.36800072
14450,-4.203764,-0.037867423,0.20911485,-0.24698229
14500,-4.1907306,0.011257426,0.21301217,-0.2017548
14550,-4.1593623,0.05774725,0.2541711,-0.19642389
14600,-4.1140833,-0.028951664,0.25853816,-0.28748977
14650,-4.186892,0.16587314,0.2205777,-0.05470456
14700,-4.156247,0.34759018,0.24397919,0.10361082
14750,-4.1402674,-0.026885305,0.23816775,-0.26505306
14800,-4.1472836,0.21979693,0.2568365,-0.037039608
14850,-4.1355014,0.058025647,0.26759404,-0.20956843
14900,-4.114281,0.0850152,0.19180058,-0.10678536
14950,-4.1299424,-0.13420771,0.29398802,-0.42819571
15000,-4.025982,0.16456729,0.21301724,-0.04844994
15050,-3.984314,-0.06334176,0.23818184,-0.3015236
15100,-4.063309,0.164685,0.21708004,-0.052395042
15150,-4.1404533,0.12358299,0.24424438,-0.12066141
15200,-3.907366,0.10870844,0.20122929,-0.09252084
15250,-4.0486755,0.1318447,0.22188692,-0.090042256
15300,-4.0084705,-0.040857334,0.23305844,-0.2739157
15350,-3.9883997,-0.17244665,0.24703088,-0.41947764
15400,-3.809433,0.34193715,0.1905749,0.15136218
15450,-3.8330896,-0.09749526,0.20194353,-0.29943877
15500,-3.81534,-0.1527327,0.19301961,-0.34575227
15550,-3.6942816,-0.014034901,0.17037834,-0.1844133
15600,-3.586214,-0.27599344,0.17069395,-0.4466874
15650,-3.5481741,-0.15781389,0.1527688,-0.3105826
15700,-3.5724945,-0.06561091,0.15988207,-0.22549303
15750,-3.5069919,0.031391572,0.120091744,-0.08870016
15800,-3.4632049,-0.06803038,0.13793814,-0.20596853
15850,-3.4445143,-0.41219303,0.14509402,-0.5572871
15900,-3.3705413,-0.07315218,0.13030483,-0.20345706
15950,-3.4405494,-0.16513455,0.13323635,-0.2983709
16000,-3.3107243,0.13468213,0.10934884,0.025333297
16050,-3.35382,-0.035786323,0.12736227,-0.16314858
16100,-3.297821,0.010349973,0.11581114,-0.10546114
16150,-3.3431306,0.031125313,0.12097822,-0.08985294
16200,-3.2747214,-0.17171976,0.105639726,-0.2773595
16250,-3.294631,-0.05897779,0.121958666,-0.18093643
16300,-3.3466156,-0.0788769,0.09243557,-0.17131245
16350,-3.2505317,-0.023266623,0.10013886,-0.12340546
16400,-3.2865179,-0.031570207,0.11094178,-0.14251202
16450,-3.2553275,0.10039888,0.119206265,-0.018807365
16500,-3.279021,-0.013908576,0.09817904,-0.112087615
16550,-3.3494477,-0.1555223,0.11623683,-0.27175912
16600,-3.2438931,0.010979994,0.11751811,-0.106538124
16650,-3.268523,0.14817218,0.11087213,0.037300088
16700,-3.265992,-0.21673822,0.116723806,-0.333462
16750,-3.2502563,0.02869031,0.108934164,-0.080243856
16800,-3.2092848,0.012647578,0.091636255,-0.078988686
16850,-3.2122664,0.013439817,0.083013296,-0.069573514
16900,-3.2424283,0.10002336,0.09277647,0.0072468836
16950,-3.191957,0.0056017325,0.08075736,-0.07515562
17000,-3.2143207,-0.020263981,0.09704858,-0.11731254
17050,-3.2122822,-0.09383792,0.095474266,-0.1893122
17100,-3.2045214,0.019784711,0.10402421,-0.08423949
17150,-3.2146463,-0.006851859,0.10498058,-0.11183245
17200,-3.2418623,-0.0435874,0.086263984,-0.12985139
17250,-3.1384687,0.039827,0.09755452,-0.05772752
17300,-3.2086065,0.11809215,0.09194213,0.026150005
17350,-3.2344146,-0.042353965,0.09277258,-0.13512653
17400,-3.2205994,0.05568565,0.08005384,-0.024368186
17450,-3.3199189,0.019032095,0.102670915,-0.08363881
17500,-3.196787,0.025798438,0.10311409,-0.07731562
17550,-3.1731539,0.028073855,0.09152022,-0.063446365
17600,-3.2523806,-0.04872112,0.104576424,-0.15329751
17650,-3.2211182,0.012248547,0.10034795,-0.08809942
17700,-3.2274692,-0.040002957,0.097990066,-0.13799301
17750,-3.2574835,-0.0739025,0.09168062,-0.16558309
17800,-3.1866834,-0.07675542,0.10135198,-0.17810735
17850,-3.1657574,-0.12758589,0.09337811,-0.22096401
17900,-3.1824481,0.11697582,0.090890214,0.02608564
17950,-3.205923,-0.004682619,0.076680295,-0.081362925
18000,-3.1247668,0.05882033,0.082298905,-0.02347857
18050,-3.2016315,-0.18932667,0.07225676,-0.2615835
18100,-3.1690881,0.035055384,0.09452894,-0.05947355
18150,-3.1262214,-0.061110087,0.090176515,-0.1512866
18200,-3.063617,-0.017599404,0.07351665,-0.09111608
18250,-3.118628,-0.055567756,0.073046714,-0.12861444
18300,-3.1098785,-0.013529156,0.084478825,-0.09800799
18350,-3.0829804,-0.01577267,0.08720184,-0.10297451
18400,-3.0755017,-0.031950213,0.074437134,-0.10638735
18450,-3.135379,0.11696848,0.08245,0.03451846
18500,-3.186905,0.11639363,0.103049286,0.013344357
18550,-3.155289,0.07086812,0.0742507,-0.0033825708
18600,-3.1315925,-0.08434805,0.080575965,-0.16492403
18650,-3.1434906,-0.07257102,0.085459225,-0.15803024
18700,-3.1629674,-0.003939212,0.076809675,-0.08074887
18750,-3.1622815,0.011923921,0.080642335,-0.06871841
18800,-3.1532335,0.061704956,0.08884337,-0.02713841
18850,-3.128564,0.08860486,0.0879767,0.0006281674
18900,-3.0796587,0.06755062,0.07279458,-0.0052439566
18950,-3.0447812,0.009601513,0.08223872,-0.07263721
19000,-3.1389022,0.0046241493,0.06825875,-0.06363462
19050,-3.1373305,-0.0483276,0.08228884,-0.13061647
19100,-3.118703,0.020008242,0.078882135,-0.058873896
19150,-3.0889513,0.025635296,0.07718074,-0.051545437
19200,-3.0970507,-0.038542487,0.075365216,-0.11390768
19250,-3.0774431,-0.07758092,0.078367814,-0.15594877
19300,-3.12294,0.062000208,0.072982885,-0.010982676
19350,-3.149402,0.10462733,0.07997623,0.024651108
19400,-3.0513568,0.003965378,0.07604144,-0.07207605
19450,-3.1153064,-0.018991001,0.07756984,-0.09656082
19500,-3.1020179,0.04387196,0.07756234,-0.033690378
19550,-3.1490088,-0.008047066,0.08750845,-0.09555554
19600,-3.0911431,0.034225244,0.071912274,-0.037687015
19650,-3.1031268,0.0836964,0.08705047,-0.0033540735
19700,-3.1321173,0.051050358,0.07543917,-0.024388824
19750,-3.1506379,-0.0025598013,0.081527404,-0.08408719
19800,-3.1053665,0.039258763,0.07298065,-0.03372188
19850,-3.1137335,0.059506744,0.09276904,-0.033262298
19900,-3.0190005,0.050354972,0.06552334,-0.015168386
19950,-3.0804186,0.0050092023,0.06417913,-0.059169944
20000,-3.0813842,0.03925939,0.06054703,-0.021287642
20050,-3.105412,-0.029836394,0.07993443,-0.10977081
20100,-3.1233172,0.059233256,0.07936763,-0.020134358
20150,-3.0890718,0.061860595,0.067777954,-0.0059173526
20200,-3.0810401,0.05955913,0.07338047,-0.013821328
20250,-3.103738,-0.014335871,0.06748692,-0.08182278
20300,-3.0346627,0.010533013,0.07974465,-0.06921163
20350,-3.0915136,0.04459909,0.07413319,-0.029534109
20400,-3.072586,0.018633189,0.077271454,-0.05863825
20450,-3.1317658,0.011168535,0.08822489,-0.077056356
20500,-3.0579252,-0.0022993002,0.084839985,-0.08713927
20550,-3.056305,0.041840404,0.07512208,-0.03328168
20600,-3.077059,0.0046256436,0.07306958,-0.06844394
20650,-3.1020408,-0.07112477,0.07295193,-0.14407669
20700,-3.0815234,-0.015381799,0.07361662,-0.088998415
20750,-3.0663612,0.072148606,0.07884975,-0.006701143
20800,-3.0929804,0.08766729,0.062273163,0.02539413
20850,-3.1013787,0.07218255,0.0731055,-0.00092296867
20900,-3.0920327,0.13307226,0.06751254,0.065559715
20950,-3.0705976,0.04529974,0.0682538,-0.022954065
21000,-3.0891743,0.01459208,0.067623235,-0.05303115
21050,-3.0579605,0.0824832,0.08009161,0.0023915977
21100,-3.020264,0.003167392,0.066554956,-0.06338756
21150,-3.0651073,-0.0062640607,0.06489293,-0.07115696
21200,-3.0908773,0.06243671,0.063957565,-0.0015208578
21250,-3.0387247,0.10197755,0.08454984,0.01742769
21300,-3.0221674,-0.005195639,0.081355296,-0.08655091
21350,-3.1171522,-0.008405459,0.0766167,-0.085022144
21400,-3.0915105,-0.02628066,0.076697074,-0.102977745
21450,-3.033869,0.008724001,0.069350846,-0.060626842
21500,-3.0250568,0.045487594,0.067423165,-0.021935573
21550,-3.0080764,0.034122054,0.049129758,-0.015007725
21600,-3.0718627,-0.03694558,0.069000304,-0.10594589
21650,-3.0998833,0.07349483,0.07054385,0.0029509752
21700,-3.0927534,-0.018597212,0.075782195,-0.09437942
21750,-3.0569317,0.09171135,0.07239655,0.019314822
21800,-3.0773327,0.017831612,0.06378335,-0.045951724
21850,-3.1034484,0.039518688,0.08310339,-0.04358469
21900,-3.073001,0.061459113,0.07748898,-0.016029852
21950,-3.0681074,0.024884848,0.08127919,-0.056394372
22000,-3.0450068,0.04285128,0.07637013,-0.03351883
22050,-3.0114026,0.004895219,0.07535262,-0.070457384
22100,-3.0177016,0.07912022,0.057463694,0.02165654
22150,-3.0756183,-0.03988708,0.07533255,-0.11521965
22200,-3.0602415,-0.025816584,0.07936354,-0.105180115
22250,-3.0200512,0.010232091,0.07009857,-0.05986648
22300,-3.076203,0.047668897,0.07263783,-0.024968954
22350,-3.0905318,0.067863695,0.06442595,0.0034377498
22400,-3.0617065,-0.007548586,0.057937838,-0.06548642
22450,-3.0510743,0.03486678,0.076569326,-0.041702546
22500,-3.0675046,0.06413985,0.07334199,-0.009202115
22550,-3.1135058,0.06016993,0.06959359,-0.009423656
22600,-3.0497935,0.054242224,0.06951324,-0.015271012
22650,-3.0275629,-0.017208356,0.07220542,-0.08941375
22700,-3.0312424,0.060713645,0.05479144,0.0059222095
22750,-3.045101,0.044720497,0.065634474,-0.020913975
22800,-3.042909,0.014004329,0.06643994,-0.05243559
22850,-3.0192173,-0.025948906,0.068478666,-0.094427556
22900,-3.0658617,0.03569917,0.06477478,-0.02907563
22950,-3.095797,0.030538388,0.0878598,-0.05732143
23000,-3.0707028,0.025837611,0.07401961,-0.048182
23050,-3.0973675,0.057095442,0.08896444,-0.031869013
23100,-3.070857,-0.044253048,0.09105501,-0.13530804
23150,-3.0582976,0.03305025,0.08235237,-0.049302123
23200,-3.059491,0.0691991,0.06682117,0.002377935
23250,-3.0875134,0.046581205,0.06861955,-0.022038331
23300,-3.067541,0.035061393,0.077769205,-0.042707805
23350,-3.1146302,-0.013381171,0.066339895,-0.07972107
23400,-3.0115259,0.08505619,0.060103413,0.024952775
23450,-3.1122687,0.080304325,0.08278134,-0.00247698
23500,-3.132443,-0.0014115578,0.07879899,-0.08021054
23550,-3.163946,0.053552665,0.10024021,-0.04668754
23600,-3.0725915,0.046039037,0.08723959,-0.04120055
23650,-3.096961,-0.032973584,0.06795135,-0.10092494
23700,-3.0722513,0.0041807075,0.067554206,-0.06337349
23750,-3.1346524,0.037717763,0.075725414,-0.038007636
23800,-3.1020997,-0.007947669,0.08056933,-0.08851701
23850,-3.004846,0.053344987,0.065942384,-0.012597388
23900,-3.0399275,0.05139638,0.07130709,-0.019910706
23950,-3.0304213,0.05912158,0.07131033,-0.012188736
24000,-3.080177,0.071068175,0.07895228,-0.007884105
24050,-3.1347382,-0.02226294,0.06382226,-0.086085185
24100,-3.114003,0.029098874,0.06814418,-0.0390453
24150,-3.069707,0.07654049,0.06999076,0.006549735
24200,-3.0496752,0.07765937,0.07390482,0.0037545569
24250,-3.0475945,0.032178797,0.07045862,-0.03827983
24300,-3.0133245,0.050902896,0.06161313,-0.010710236
24350,-3.003855,0.030337801,0.065302126,-0.034964327
24400,-3.030202,0.035680562,0.074976854,-0.039296314
24450,-3.0704374,-0.052516006,0.08845084,-0.14096686
24500,-3.0341516,0.046968818,0.056351833,-0.009383016
24550,-3.04551,-0.010330941,0.07104735,-0.081378296
24600,-3.0107791,0.060201436,0.06499603,-0.004794612
24650,-3.0536644,0.08383917,0.07173632,0.012102835
24700,-3.0653064,-0.010102415,0.07425464,-0.08435705
24750,-3.1197758,-0.027508473,0.06488046,-0.09238894
24800,-3.0676708,0.06333854,0.062277958,0.0010605747
24850,-3.048783,0.013663528,0.08218567,-0.06852214
24900,-3.0464234,0.037266947,0.08155929,-0.044292346
24950,-3.0013983,-0.001663599,0.07066767,-0.072331265
25000,-3.0735939,-0.02787171,0.0608866,-0.0887583
25050,-3.0107052,0.04795192,0.06630126,-0.018349344
25100,-3.0313392,0.12628816,0.07220818,0.05407998
25150,-3.05706,0.03054688,0.08330338,-0.05275648
25200,-3.085697,0.087864496,0.07339336,0.014471114
25250,-3.1035767,-0.020105548,0.07841586,-0.098521434
25300,-3.0273829,0.025233978,0.06091135,-0.035677362
25350,-3.021557,0.06552056,0.07658821,-0.011067653
25400,-3.0435452,0.057109166,0.061521474,-0.004412291
25450,-3.0383232,0.00947748,0.06867727,-0.05919979
25500,-3.0289044,0.019375494,0.06453524,-0.04515975
25550,-3.0776484,0.06931107,0.054496847,0.014814212
25600,-3.042063,0.070886396,0.061225656,0.009660733
25650,-3.111789,-0.03817108,0.073428,-0.11159906
25700,-3.1344745,-0.02016819,0.06852302,-0.088691205
25750,-3.1359265,0.072471105,0.07770882,-0.0052376925
25800,-3.0870867,-0.06815468,0.07921022,-0.14736488
25850,-3.0783298,-0.0395834,0.0636863,-0.10326972
25900,-3.111191,-0.031506095,0.07514087,-0.10664697
25950,-3.1100543,0.018430125,0.07147039,-0.05304028
26000,-2.9798474,0.0047242036,0.056665387,-0.05194118
26050,-3.040171,0.048009463,0.06672347,-0.018714
26100,-3.0567782,-0.026747942,0.055869278,-0.082617216
26150,-3.0349445,-0.009470955,0.07500289,-0.08447385
26200,-3.0369055,0.03798184,0.07706538,-0.03908353
26250,-3.017227,0.068894826,0.059050027,0.009844805
26300,-3.0475,0.00688814,0.066288374,-0.05940025
26350,-3.0279334,0.055973157,0.060583577,-0.0046104337
26400,-3.0404425,0.016474415,0.068185665,-0.051711246
26450,-3.125307,0.04996346,0.06836333,-0.018399874
26500,-3.0288923,0.077842094,0.07578374,0.0020583838
26550,-3.022038,0.079933144,0.061765,0.018168133
26600,-2.999635,0.0062756184,0.06143957,-0.05516396
26650,-3.0449057,0.01388448,0.06749575,-0.05361126
26700,-3.0210156,0.0861999,0.053674206,0.0325257
26750,-3.0353973,0.090719335,0.06921521,0.021504106
26800,-3.0825438,0.028254136,0.06668548,-0.038431358
26850,-3.0280476,0.030724766,0.06459838,-0.033873606
26900,-3.082987,0.011310633,0.072666466,-0.06135583
26950,-3.0386932,0.031735305,0.052211918,-0.020476604
27000,-3.0442305,0.04192342,0.061253462,-0.019330047
27050,-3.0459266,-0.008145254,0.06617103,-0.074316286
27100,-2.9858987,0.05090034,0.06847799,-0.01757765
27150,-3.0210314,0.043078043,0.06331902,-0.020240974
27200,-3.009696,0.02983544,0.06806439,-0.038228963
27250,-3.0256991,0.08324042,0.07064343,0.012596983
27300,-3.170276,0.13699728,0.08723065,0.049766626
27350,-3.1272614,0.14708771,0.07593644,0.07115125
27400,-3.0187273,0.10091178,0.075249046,0.025662698
27450,-3.0323944,0.055917814,0.07414249,-0.018224677
27500,-3.0634818,0.030153329,0.061262682,-0.031109368
27550,-3.0427978,0.10494112,0.07658915,0.02835197
27600,-3.1031744,0.06384559,0.08355645,-0.019710874
27650,-3.0616992,0.07624802,0.07851993,-0.0022719
27700,-3.0549576,0.08642558,0.07657131,0.0098542785
27750,-3.0604115,0.0007864189,0.0757175,-0.07493108
27800,-3.008075,-0.00897631,0.07003838,-0.07901469
27850,-2.996784,0.037351176,0.06642309,-0.029071895
27900,-3.032878,0.050590653,0.061527215,-0.01093654
27950,-3.052635,0.045211814,0.06514498,-0.019933164
28000,-3.0319428,0.0659687,0.07513197,-0.00916329
28050,-3.1155393,0.027399568,0.08162995,-0.05423037
28100,-3.130664,-0.021026876,0.07687953,-0.097906426
28150,-3.062826,0.041232243,0.08678733,-0.045555085
28200,-3.1156027,0.01776038,0.07862121,-0.06086084
28250,-3.1382287,0.12736446,0.09887442,0.028490018
28300,-3.0364728,0.07486988,0.0874769,-0.012607009
28350,-3.0806556,0.093527585,0.08022345,0.013304145
28400,-3.0546021,0.060671743,0.06783429,-0.007162554
28450,-3.0198128,0.08341898,0.072097,0.011321984
28500,-3.117677,0.00039011147,0.083372906,-0.08298277
28550,-3.084898,0.01465795,0.08205097,-0.067393035
28600,-3.0803363,0.076432765,0.07852068,-0.002087919
28650,-3.113246,-0.048388597,0.08761451,-0.13600308
28700,-3.054533,0.053336516,0.07344334,-0.020106819
28750,-3.1307614,0.056841787,0.07223166,-0.015389876
28800,-3.1133955,0.0013027302,0.065607935,-0.0643052
28850,-3.0223968,0.11116472,0.077726685,0.033438046
28900,-3.1028683,0.049231637,0.06877264,-0.019541001
28950,-3.0023546,0.029806,0.072609015,-0.04280303
29000,-3.055652,0.035762805,0.09755087,-0.061788037
29050,-3.1537652,0.030322244,0.09120587,-0.060883608
29100,-3.0860825,0.0496507,0.056386165,-0.0067354715
29150,-3.0419135,0.120428436,0.08526134,0.035167098
29200,-3.1400557,0.035824433,0.06910381,-0.033279404
29250,-3.136743,0.010416248,0.07443336,-0.06401713
29300,-3.0592146,0.13992706,0.073353164,0.06657389
29350,-3.069226,0.033883147,0.07397233,-0.040089183
29400,-3.040451,0.050869573,0.08140933,-0.030539762
29450,-3.0943396,0.0003298521,0.071440324,-0.071110494
29500,-3.064283,0.044730905,0.06119418,-0.016463272
29550,-3.0921373,-0.042702075,0.06741443,-0.110116504
29600,-3.032499,0.040314823,0.0738496,-0.03353477
29650,-3.1017227,-0.0021904642,0.07036986,-0.07256031
29700,-2.991777,0.11690542,0.078647174,0.03825823
29750,-3.0963507,0.052769195,0.06609823,-0.0133290365
29800,-3.0520806,-0.049570188,0.07698145,-0.12655167
29850,-3.073591,0.039532863,0.07214101,-0.032608155
29900,-3.033249,0.06250285,0.059965763,0.0025370596
29950,-3.0121436,0.04262561,0.07613243,-0.03350683
30000,-3.0596523,0.023877732,0.07584157,-0.05196383
30050,-3.0394995,0.019951863,0.07860483,-0.058652975
30100,-3.0247445,0.08410628,0.07514875,0.008957509
30150,-2.9854383,-0.0033716857,0.06800533,-0.07137702
30200,-2.9958289,0.034650914,0.069155194,-0.034504306
30250,-3.0134985,-0.0010700679,0.06449893,-0.065569
30300,-3.0626698,0.04835005,0.057918716,-0.009568659
30350,-3.0746546,0.08647971,0.07703192,0.009447773
30400,-3.0986273,0.04540992,0.07319085,-0.027780952
30450,-3.0745704,0.052454744,0.06662464,-0.014169902
30500,-3.12096,0.096730165,0.07073837,0.025991805
30550,-3.020134,-0.025724405,0.06555274,-0.091277145
30600,-3.1021752,0.04349148,0.08325675,-0.039765276
30650,-3.077759,-0.020323692,0.06822722,-0.08855091
30700,-3.0318584,0.11445662,0.0685913,0.0458653
30750,-3.1021986,0.0085290745,0.08197079,-0.0734417
30800,-3.0474682,0.033338733,0.077152625,-0.04381389
30850,-3.0806954,0.074647725,0.07744506,-0.0027973377
30900,-3.057021,0.028299477,0.08240969,-0.05411022
30950,-3.0455444,0.03878235,0.070286445,-0.03150409
31000,-3.0453327,0.011721585,0.07042862,-0.05870702
31050,-3.0105321,0.027685514,0.056799922,-0.029114397
31100,-3.042248,-0.0051837866,0.0673419,-0.0725257
31150,-3.0287163,-0.023091555,0.066312894,-0.089404434
31200,-3.0559435,-0.014387881,0.07949139,-0.09387927
31250,-3.0192444,0.051290017,0.06703527,-0.015745254
31300,-2.9965577,0.017292198,0.06460382,-0.047311615
31350,-3.043459,0.08554598,0.0817366,0.003809362
31400,-3.0215268,0.03658523,0.071813814,-0.035228573
31450,-3.0379126,0.013474975,0.062267102,-0.04879212
31500,-3.1196406,0.052206207,0.06667848,-0.014472276
31550,-3.0304003,0.019106226,0.07238322,-0.053276993
31600,-3.1128075,0.07267211,0.06918573,0.003486377
31650,-3.0653613,0.08553348,0.08140203,0.004131451
31700,-3.0737824,0.0021321664,0.061006967,-0.058874793
31750,-3.0897677,0.07948626,0.09040609,-0.010919838
31800,-3.0531373,0.02290009,0.06548986,-0.04258977
31850,-3.0260816,0.06845469,0.07335987,-0.0049051535
31900,-3.1132374,0.065315336,0.074428394,-0.009113057
31950,-3.0730593,0.002072295,0.06875559,-0.06668328
32000,-3.0219684,0.01098308,0.067932375,-0.05694928
32050,-3.049279,0.04934388,0.09269051,-0.043346614
32100,-3.0324285,-0.049533434,0.07525358,-0.124787
32150,-3.038047,0.052793063,0.06736424,-0.014571177
32200,-3.0983713,-0.061802063,0.05735397,-0.119156025
32250,-3.0744054,0.05127793,0.07104343,-0.019765494
32300,-3.0504282,0.0055835163,0.060911365,-0.05532783
32350,-3.0762525,-0.07661053,0.07493943,-0.15154995
32400,-3.0517926,0.026536709,0.07083875,-0.044302076
32450,-3.032644,0.03415194,0.064500526,-0.030348577
32500,-3.070308,-0.052362327,0.078650594,-0.13101292
32550,-3.0546272,0.008302668,0.080712356,-0.072409704
32600,-3.0060382,0.09532671,0.064011045,0.03131568
32650,-3.056825,0.021832926,0.07019061,-0.048357673
32700,-3.1405573,0.024544053,0.07429956,-0.049755506
32750,-3.1154528,0.013159638,0.07392439,-0.060764745
32800,-3.0660892,0.07741799,0.07814282,-0.00072482915
32850,-3.0352554,-0.012096376,0.06515011,-0.07724652
32900,-3.0181448,0.06526769,0.07851074,-0.013243061
32950,-3.0481234,-0.015578439,0.064750664,-0.08032911
33000,-3.0236511,0.02289831,0.08744645,-0.06454811
33050,-3.0701122,0.11443258,0.079978816,0.034453794
33100,-3.0203872,0.040365327,0.06432284,-0.023957485
33150,-3.0746534,0.092690974,0.06954222,0.023148758
33200,-3.0620954,0.041009188,0.06538589,-0.024376705
33250,-2.997694,0.071717426,0.06840976,0.0033076524
33300,-3.0372682,0.025002716,0.06024355,-0.03524083
33350,-3.011333,0.08407094,0.07595012,0.008120821
33400,-3.0516694,0.016814565,0.07135646,-0.054541882
33450,-3.0756843,0.07796092,0.07310026,0.004860656
33500,-3.032453,0.0013034877,0.07044165,-0.06913816
33550,-3.0286252,0.061724436,0.07844873,-0.016724292
33600,-3.0172303,0.05342659,0.06645051,-0.013023929
33650,-2.99944,0.056976356,0.06312053,-0.0061441804
33700,-3.006723,0.0001831837,0.053559314,-0.053376146
33750,-2.9817142,0.05422142,0.07107603,-0.016854618
33800,-3.042405,0.031282004,0.06488813,-0.033606116
33850,-3.0662224,0.05206902,0.07759409,-0.025525069
33900,-2.982439,0.03167643,0.06196023,-0.0302838
33950,-3.057998,-0.018142851,0.06861322,-0.086756065
34000,-3.0260181,0.05311181,0.07536147,-0.02224964
34050,-2.99866,0.06923514,0.06582979,0.0034053486
34100,-2.970919,0.07988909,0.065341204,0.01454788
34150,-3.0475855,0.042712003,0.0686754,-0.025963392
34200,-2.995968,0.03606101,0.06096272,-0.0249017
34250,-3.0302105,0.020263223,0.08016988,-0.059906654
34300,-3.0382185,0.04680913,0.06215486,-0.015345717
34350,-2.991272,0.0676341,0.074278295,-0.0066441987
34400,-3.0276127,0.0032551195,0.07712975,-0.07387464
34450,-3.0294929,0.059025776,0.062925786,-0.0039000083
34500,-2.9923446,0.07968618,0.06508004,0.014606136
34550,-3.0470014,-0.018934095,0.063265465,-0.082199596
34600,-3.0583808,-0.014572728,0.076114774,-0.090687506
34650,-2.993283,0.043067284,0.05709776,-0.014030466
34700,-3.0191553,0.011889725,0.065798566,-0.053908844
34750,-3.0150242,-0.011902419,0.074468285,-0.08637071
34800,-3.05978,0.025803356,0.072621316,-0.04681795
34850,-3.0346234,0.0623627,0.07498289,-0.0126201995
34900,-3.0495238,0.020476649,0.06818491,-0.047708254
34950,-2.9968596,0.03676813,0.06335226,-0.02658413
35000,-3.0739844,0.061758436,0.07495156,-0.01319314
35050,-3.0402727,0.06064359,0.06262087,-0.001977277
35100,-2.9772382,0.038819656,0.06865219,-0.029832534
35150,-3.0513532,-0.026772697,0.058506727,-0.08527943
35200,-3.0542192,0.08133725,0.072389014,0.008948226
35250,-3.0259628,0.045233525,0.0760889,-0.03085535
35300,-3.0672839,0.049717218,0.07486326,-0.025146052
35350,-3.0467412,0.053020798,0.062136836,-0.009116032
35400,-3.0768452,0.06991311,0.08105195,-0.011138827
35450,-3.031637,-0.029268563,0.07038954,-0.09965811
35500,-3.0372736,0.02361416,0.06411526,-0.040501103
35550,-3.019688,0.028430128,0.059491616,-0.03106147
35600,-3.0085907,0.039513644,0.07061984,-0.031106217
35650,-3.025275,0.008873846,0.06831996,-0.059446126
35700,-2.949029,0.021743178,0.057989717,-0.036246542
35750,-3.061521,0.0036003469,0.057498865,-0.05389849
35800,-3.0449762,0.030976519,0.06454125,-0.033564724
35850,-2.9945428,0.020193212,0.06629868,-0.04610547
35900,-2.995348,0.07303457,0.06893627,0.0040982915
35950,-3.0008538,0.07629388,0.07551095,0.00078294514
36000,-3.066745,0.0632629,0.076994665,-0.013731755
36050,-3.102789,0.014201078,0.07160058,-0.057399493
36100,-3.0284534,0.03569487,0.062032517,-0.026337642
36150,-3.0235388,0.091230296,0.06435754,0.026872745
36200,-3.0068262,0.08945789,0.06914966,0.020308256
36250,-3.0464063,0.09158956,0.08194804,0.009641512
36300,-3.0319128,0.07828156,0.07057007,0.007711487
36350,-2.9983206,0.00988895,0.06685496,-0.056966
36400,-3.0948346,0.043499436,0.073765896,-0.030266447
36450,-3.131912,0.049400255,0.08519833,-0.035798077
36500,-3.1058326,0.0641222,0.06926325,-0.0051410585
36550,-3.0686622,0.08447259,0.087481305,-0.003008716
36600,-3.053485,0.12791368,0.07906541,0.04884825
36650,-3.049604,-0.016727313,0.075998425,-0.09272575
36700,-3.0269537,0.011730267,0.07018914,-0.05845888
36750,-3.0635314,0.08972995,0.07949629,0.010233659
36800,-3.0484858,0.07593672,0.066789694,0.009147019
36850,-3.0580378,0.03671988,0.06943137,-0.032711476
36900,-3.1125555,0.13527507,0.0741353,0.061139725
36950,-3.1383593,-0.050860383,0.07453025,-0.12539065
37000,-3.0713792,0.013444231,0.06941122,-0.055966977
37050,-3.0390582,0.14525197,0.07518529,0.07006668
37100,-2.9946582,0.056579795,0.06669847,-0.010118684
37150,-3.029653,-0.02098232,0.06290744,-0.08388978
37200,-3.0365994,0.029843703,0.056934353,-0.027090652
37250,-3.0004585,0.025342833,0.059769917,-0.034427077
37300,-2.993028,-0.001072863,0.06434259,-0.06541546
37350,-3.054425,0.011839569,0.072229855,-0.0603903
37400,-2.9498956,-0.027612247,0.06240387,-0.09001612
37450,-3.029239,0.036373157,0.073654324,-0.03728117
37500,-3.032472,0.08482074,0.06315866,0.021662084
37550,-3.0641036,0.015027689,0.06357813,-0.048550438
37600,-3.045036,-0.0013134861,0.07709596,-0.078409456
37650,-3.0020547,0.052309636,0.07166156,-0.01935191
37700,-2.9821374,0.027372451,0.083525896,-0.056153454
37750,-3.002591,0.1143719,0.07713916,0.037232723
37800,-3.059248,0.07422282,0.07358751,0.0006353047
37850,-3.021818,0.038336936,0.06592303,-0.027586078
37900,-2.9839556,0.051332783,0.060351145,-0.009018369
37950,-2.9785535,0.08803869,0.061773006,0.026265673
38000,-2.977838,0.055874452,0.063544795,-0.007670339
38050,-3.053362,0.06180046,0.08789947,-0.026099002
38100,-3.066606,0.032594703,0.0633948,-0.030800093
38150,-3.0209832,0.05944468,0.06101286,-0.0015681847
38200,-3.0084317,0.0473709,0.057396367,-0.010025468
38250,-3.0303984,-0.020522112,0.06344089,-0.083963014
38300,-3.0390701,0.06350142,0.06264684,0.0008545743
38350,-3.0186036,0.0067883492,0.06002569,-0.05323734
38400,-2.997962,0.060479704,0.057534195,0.0029455074
38450,-3.0277786,0.046245817,0.0660675,-0.019821672
38500,-3.0784087,0.005646439,0.094059,-0.08841261
38550,-3.0916748,0.01645504,0.067192465,-0.050737448
38600,-3.0681295,0.0069079925,0.08643282,-0.07952482
38650,-3.0228243,0.000813608,0.06669632,-0.06588271
38700,-3.0705621,-0.029360266,0.06710379,-0.09646403
38750,-3.0280867,0.07436471,0.06896537,0.0053993287
38800,-3.0672336,0.03645227,0.0672762,-0.03082393
38850,-3.033117,-0.04276487,0.06736606,-0.11013093
38900,-3.0208106,0.067459576,0.06690102,0.0005585551
38950,-3.0198603,-0.007562108,0.055801123,-0.06336323
39000,-3.0629418,0.013715309,0.06873602,-0.05502072
39050,-3.0202417,0.010127386,0.06935567,-0.059228286
39100,-2.9999762,0.05745234,0.06020118,-0.0027488517
39150,-2.957912,-0.01649151,0.055905394,-0.072396904
39200,-3.073651,0.027756317,0.0771344,-0.049378082
39250,-3.0034492,0.013271056,0.06739955,-0.05412848
39300,-2.9915612,0.060526058,0.05536398,0.0051620533
39350,-3.022359,0.07258098,0.08245335,-0.009872365
39400,-3.051529,0.063510224,0.056380033,0.0071302033
39450,-3.0481756,0.056616243,0.0810806,-0.024464354
39500,-3.0571063,0.0008755964,0.08066987,-0.079794265
39550,-3.037552,0.011197662,0.06802972,-0.056832053
39600,-2.9714987,0.026388846,0.06851618,-0.042127337
39650,-3.0080864,0.06522015,0.064609915,0.00061023055
39700,-3.0629401,0.021325106,0.07177463,-0.050449528
39750,-3.0183094,0.050193153,0.074087955,-0.023894792
39800,-3.0515018,0.06712914,0.0714675,-0.0043383394
39850,-2.9934595,0.023733933,0.06918861,-0.04545466
39900,-3.0438864,0.02595095,0.06698067,-0.04102973
39950,-3.0625284,0.05834476,0.06726361,-0.008918835
40000,-3.0064554,0.018373655,0.0665981,-0.048224438
40050,-3.0437958,0.0781908,0.0682726,0.0099182
40100,-3.0570388,0.04477349,0.060849518,-0.016076034
40150,-3.0652032,0.022706665,0.06184277,-0.039136093
40200,-3.0413113,0.092296764,0.06680832,0.02548843
40250,-3.0877068,-0.0045890897,0.06643185,-0.07102093
40300,-3.0069747,0.03575028,0.06976716,-0.034016877
40350,-3.0396366,0.053809114,0.070459016,-0.01664992
40400,-3.0297735,0.04802312,0.07556732,-0.02754421
40450,-3.0056312,0.038201198,0.072603986,-0.03440278
40500,-3.0409217,0.032751516,0.08142114,-0.04866962
40550,-3.0563493,0.061630078,0.07420373,-0.01257365
40600,-3.0331488,0.10920866,0.07317918,0.03602945
40650,-3.0204325,0.0022018256,0.058413304,-0.05621147
40700,-3.0136957,0.017474784,0.061505664,-0.04403087
40750,-3.0370383,-0.028412191,0.06852304,-0.09693525
40800,-2.9961822,0.012617588,0.06403271,-0.05141512
40850,-3.050694,0.0042758808,0.06617181,-0.061895937
40900,-3.0246038,0.08032183,0.06212134,0.018200481
40950,-2.991585,0.058297757,0.071024105,-0.012726332
41000,-3.0188766,-0.044584706,0.0689848,-0.11356953
41050,-3.0548544,0.04279231,0.049795732,-0.0070034172
41100,-2.9968934,0.054336894,0.06055014,-0.006213242
41150,-2.9982598,0.06620815,0.05870443,0.007503722
41200,-3.0010626,-0.029504122,0.057190217,-0.086694345
41250,-3.0051289,0.031001119,0.052502528,-0.0215014
41300,-2.981029,0.05084423,0.056479245,-0.0056350143
41350,-3.0125146,0.046745654,0.08560361,-0.038857948
41400,-2.9936543,-0.0170856,0.07260276,-0.08968837
41450,-3.0132732,-0.02176523,0.07377236,-0.09553757
41500,-3.0500338,0.018852632,0.061003555,-0.04215093
41550,-3.0161347,0.024835529,0.058017377,-0.033181835
41600,-3.0118651,0.065674074,0.072825715,-0.0071516465
41650,-3.0349207,0.089295246,0.06764055,0.0216547
41700,-3.0131192,0.05442252,0.06276031,-0.008337789
41750,-3.0126112,0.018168349,0.05773572,-0.039567374
41800,-2.99115,0.10607397,0.071155936,0.03491802
41850,-3.040122,0.020875333,0.064232185,-0.043356862
41900,-3.055496,-0.017415168,0.06480195,-0.08221711
41950,-3.0239074,0.07859811,0.07517293,0.0034252054
42000,-3.048014,0.052416448,0.07407194,-0.021655474
42050,-3.051131,0.04959915,0.06674244,-0.017143304
42100,-3.059474,-0.009370308,0.06508315,-0.074453466
42150,-3.0262275,-0.010126125,0.0745554,-0.08468152
42200,-3.053423,-0.010314608,0.06482257,-0.07513717
42250,-3.0323586,0.010220492,0.08273771,-0.0725172
42300,-3.0280097,0.030655459,0.07669514,-0.04603969
42350,-2.990032,0.0020371948,0.07408261,-0.07204542
42400,-3.0298262,0.06836054,0.073603675,-0.005243138
42450,-2.9756415,0.032127418,0.060665425,-0.028538007
42500,-3.0496552,0.008401372,0.07579327,-0.0673919
42550,-3.1251948,0.036803845,0.07649353,-0.039689675
42600,-2.996438,0.04037105,0.06946829,-0.029097235
42650,-3.0478113,0.036438216,0.0757226,-0.039284397
42700,-3.0604718,0.016614553,0.075851925,-0.059237365
42750,-3.0585055,0.049826574,0.06905046,-0.019223874
42800,-3.0665326,-0.010815848,0.07922942,-0.09004526
42850,-3.0353076,0.06658406,0.077846676,-0.011262647
42900,-3.0064633,0.077365614,0.08743529,-0.010069686
42950,-3.0530272,-0.0052092792,0.06314077,-0.068350054
43000,-3.0644598,0.06813408,0.06772211,0.00041196286
43050,-3.0244215,0.028290229,0.08074729,-0.052457064
43100,-3.0343444,0.080175065,0.07494244,0.005232621
43150,-3.068164,-0.014424595,0.06322661,-0.0776512
43200,-3.0330877,-0.0034077698,0.065699704,-0.06910747
43250,-3.0113451,0.031388752,0.063955575,-0.032566834
43300,-2.9730945,0.03323692,0.065344125,-0.032107197
43350,-2.9712005,0.04164343,0.0758029,-0.034159467
43400,-3.0610256,0.048973985,0.07640344,-0.027429452
43450,-3.0127442,0.062239733,0.07347923,-0.011239485
43500,-3.028201,0.022851896,0.06456808,-0.0417162
43550,-3.0047882,0.040296793,0.06168693,-0.021390146
43600,-3.0004232,0.030200206,0.06747332,-0.037273116
43650,-2.9610238,0.01594779,0.07254634,-0.05659854
43700,-2.956563,0.05867844,0.06015423,-0.0014757817
43750,-3.0158868,-0.0042934446,0.061269965,-0.06556341
43800,-3.0003052,0.018363355,0.057868075,-0.03950473
43850,-3.0162573,0.030670466,0.07495132,-0.04428084
43900,-3.0078127,-0.015024752,0.05140822,-0.066432975
43950,-3.010326,-0.030266887,0.08008225,-0.110349186
44000,-2.9902582,0.02389066,0.06785668,-0.043966025
44050,-3.018449,0.053181868,0.061732084,-0.008550214
44100,-3.0219378,0.053474933,0.05213417,0.001340779
44150,-3.030256,0.009251343,0.07227582,-0.063024476
44200,-2.9850607,-0.0041042552,0.0706361,-0.074740365
44250,-3.0580738,0.0112257255,0.08372937,-0.072503634
44300,-3.1086097,0.053359672,0.07614671,-0.022787027
44350,-3.0584867,0.062181495,0.066067696,-0.00388622
44400,-3.062745,0.0066965325,0.06110076,-0.054404225
44450,-3.0066123,0.07328501,0.059543118,0.013741886
44500,-2.9821374,-0.0009608567,0.06355499,-0.06451582
44550,-2.991078,0.023285156,0.060849074,-0.03756392
44600,-3.040318,0.0111783985,0.058108635,-0.046930242
44650,-3.0149279,0.030385075,0.07204832,-0.041663244
44700,-3.1199207,0.03345483,0.074309036,-0.040854204
44750,-2.997755,0.034952912,0.070037514,-0.0350846
44800,-3.0121307,-0.021268707,0.06481692,-0.08608563
44850,-2.951527,0.06729692,0.07371271,-0.006415774
44900,-3.0118072,0.028185854,0.062249273,-0.03406342
44950,-3.0099752,0.057700526,0.06404079,-0.0063402737
45000,-3.0520678,0.007934674,0.07333312,-0.06539846
45050,-3.0232682,0.015424651,0.06666636,-0.051241703
45100,-3.0614932,0.04243754,0.07140342,-0.028965892
45150,-3.0022717,0.09797135,0.059166376,0.03880497
45200,-2.9882836,0.040431052,0.058269788,-0.017838739
45250,-2.989147,-0.02282166,0.07289632,-0.09571797
45300,-3.0260804,0.061227627,0.072999,-0.011771372
45350,-3.0373347,-0.015876032,0.08029175,-0.096167766
45400,-3.0442262,0.059814498,0.07302603,-0.013211552
45450,-3.0601318,0.049844503,0.0631582,-0.013313711
45500,-2.989937,0.06519594,0.064374946,0.0008210072
45550,-3.0027978,0.034045115,0.06690195,-0.032856837
45600,-3.0252275,0.035052918,0.071573645,-0.036520727
45650,-3.014086,0.0757515,0.07463504,0.0011164552
45700,-3.03156,0.0038592797,0.06736599,-0.063506715
45750,-3.0289197,0.077572174,0.063623756,0.013948422
45800,-3.0674362,0.02261386,0.07587489,-0.05326102
45850,-3.0235932,-0.0114677455,0.070720576,-0.08218831
45900,-3.0484576,0.08690118,0.0706571,0.016244078
45950,-3.0579126,0.08040977,0.08061805,-0.000208271
46000,-3.0512238,0.041141607,0.06750032,-0.026358724
46050,-3.0221336,0.0749436,0.07692253,-0.0019789452
46100,-3.0271058,0.048191972,0.07028958,-0.022097597
46150,-3.0415204,0.02754247,0.06790408,-0.040361613
46200,-3.077278,0.06006432,0.068268016,-0.008203673
46250,-3.0701916,0.026972134,0.078574926,-0.051602796
46300,-3.0310585,-0.0042076837,0.08119175,-0.085399434
46350,-3.0534806,0.025507765,0.069920905,-0.044413127
46400,-2.9918933,0.09877744,0.073647335,0.025130127
46450,-3.0261972,0.0491543,0.086370565,-0.03721626
46500,-3.0440717,0.037393514,0.08966383,-0.052270304
46550,-3.075069,0.019761227,0.07027744,-0.050516218
46600,-3.005627,-0.030974874,0.07356336,-0.10453823
46650,-3.0603812,-0.018473528,0.063531645,-0.082005195
46700,-3.0181546,0.018194843,0.06282854,-0.0446337
46750,-3.0334356,0.02009228,0.057791904,-0.037699617
46800,-3.036046,0.046658393,0.07376888,-0.027110482
46850,-3.0559957,-0.016759314,0.06787682,-0.084636144
46900,-3.0448303,0.027647302,0.07546722,-0.04781992
46950,-3.0396416,0.0023078888,0.06980897,-0.06750109
47000,-2.987511,0.06252225,0.06518653,-0.0026642727
47050,-2.98758,0.067292124,0.06741418,-0.00012202025
47100,-3.008665,0.057726026,0.069993764,-0.012267731
47150,-3.0305293,-0.0017520118,0.06689396,-0.06864598
47200,-3.0125103,0.02991451,0.05974711,-0.029832583
47250,-3.0079584,0.0125176795,0.054709043,-0.04219137
47300,-3.0184722,0.009897525,0.07546958,-0.065572046
47350,-3.00625,0.050787088,0.061412692,-0.010625597
47400,-3.0299888,0.104119636,0.072950155,0.031169474
47450,-3.0195942,0.06407507,0.06676044,-0.0026853753
47500,-3.0225823,0.017519735,0.062211085,-0.04469136
47550,-3.00151,0.022972645,0.0740349,-0.051062264
47600,-3.0125337,0.007366668,0.06606593,-0.058699254
47650,-3.0335763,0.033134397,0.07771942,-0.044585034
47700,-3.0861518,0.106715076,0.07745996,0.029255101
47750,-3.024616,0.057914637,0.067354016,-0.009439377
47800,-2.9920642,-0.01284501,0.06636167,-0.07920669
47850,-3.0381582,0.07659914,0.0810771,-0.0044779573
47900,-3.033992,0.025833625,0.06492003,-0.03908641
47950,-3.0129828,0.027595498,0.07083731,-0.04324182
48000,-3.0349264,0.022409847,0.07125409,-0.048844222
48050,-2.97581,0.071182884,0.07390203,-0.0027191583
48100,-3.027149,0.029769864,0.0664192,-0.036649313
48150,-3.018622,0.09381258,0.084142104,0.009670484
48200,-3.0279107,0.06772291,0.066052064,0.0016708543
48250,-3.0385108,0.070655815,0.06430365,0.006352163
48300,-3.0129235,0.11365282,0.07003911,0.043613695
48350,-3.009672,0.03947078,0.07270635,-0.033235554
48400,-3.014643,0.014857764,0.06905375,-0.05419599
48450,-3.0976527,0.08004784,0.07774842,0.002299411
48500,-2.9842277,0.017937936,0.060981497,-0.043043565
48550,-2.967049,0.055350855,0.06553171,-0.01018086
48600,-3.060982,0.041324936,0.07760656,-0.036281608
48650,-3.0372312,0.013934553,0.05391714,-0.039982587
48700,-3.0949268,0.034584712,0.074182965,-0.03959825
48750,-3.068418,0.055786237,0.07231483,-0.0165286
48800,-2.9814212,0.0064348746,0.06464062,-0.058205754
48850,-2.983886,0.0017460549,0.05880816,-0.05706211
48900,-2.9967554,0.007729905,0.058516636,-0.05078673
48950,-3.0041394,0.07852588,0.058948938,0.01957696
49000,-3.1083639,0.10547259,0.08701202,0.018460557
49050,-3.0465996,0.04527238,0.05894669,-0.013674295
49100,-3.0394037,0.052497953,0.07923291,-0.026734963
49150,-3.0208466,0.117747374,0.07619324,0.04155411
49200,-3.0759041,0.027913095,0.0793984,-0.051485304
49250,-3.1107538,0.06885036,0.07443108,-0.0055807317
49300,-3.0386817,0.02499155,0.061585188,-0.03659364
49350,-2.978938,0.06767066,0.06529017,0.0023804945
49400,-3.0144727,0.036803383,0.07319584,-0.036392454
49450,-3.0430164,0.03406219,0.071589895,-0.037527703
49500,-2.9987578,0.054725353,0.08689331,-0.032167975
49550,-3.0148096,0.010920921,0.0722194,-0.06129846
49600,-3.0121417,0.045868326,0.06507244,-0.019204129
49650,-3.0279257,0.051387552,0.08022704,-0.02883948
49700,-3.0094788,0.0014916861,0.07726805,-0.07577637
49750,-2.9928892,0.047701526,0.064056836,-0.016355304
49800,-3.0297747,0.08610875,0.06937738,0.016731359
49850,-3.0225341,0.05046627,0.059864823,-0.009398541
49900,-2.997963,0.06543179,0.056154057,0.00927773
49950,-3.0486057,0.005245888,0.06574148,-0.060495596
50000,-2.989812,0.060172442,0.06302184,-0.002849404
50050,-3.0170605,0.061632156,0.07084042,-0.00920826
50100,-3.053308,0.018406814,0.065196075,-0.04678924
50150,-2.986606,0.023359094,0.06275714,-0.03939804
50200,-3.0295985,0.009796301,0.07317162,-0.063375324
50250,-3.013675,0.036079884,0.070391744,-0.034311846
50300,-3.0616467,0.027558392,0.06847534,-0.04091694
50350,-3.011856,0.046926357,0.07363365,-0.026707297
50400,-3.011457,0.042749308,0.063173205,-0.020423895
50450,-3.098406,0.04162472,0.07148236,-0.02985763
50500,-3.0108306,0.030865138,0.07130461,-0.040439483
50550,-3.0284507,0.04544156,0.059353568,-0.013912013
50600,-3.0385923,0.039518777,0.07435529,-0.03483651
50650,-2.9986982,0.06969861,0.06924419,0.00045440675
50700,-2.9827292,0.031786855,0.066936165,-0.03514932
50750,-3.0001569,0.057727136,0.089402266,-0.031675138
50800,-3.0527701,0.032799467,0.071728915,-0.03892945
50850,-3.0564997,0.019598685,0.0696253,-0.050026633
50900,-3.065362,0.09624417,0.0740752,0.022168975
50950,-3.0442095,0.04622001,0.086879276,-0.040659253
51000,-3.04987,-0.0073270155,0.06148304,-0.06881007
51050,-2.995078,0.033552334,0.061706666,-0.028154328
51100,-3.0260587,0.025315667,0.07127823,-0.04596257
51150,-3.0399282,0.049865957,0.07214004,-0.022274079
51200,-3.002146,0.008884404,0.07480888,-0.06592449
51250,-3.0252357,0.071773596,0.08078079,-0.0090072015
51300,-3.038257,0.032233443,0.07282889,-0.040595435
51350,-3.0143135,0.07785522,0.07703004,0.00082519394
51400,-2.997797,0.06521472,0.06560622,-0.00039150126
51450,-2.9936035,0.030452067,0.058829356,-0.028377289
51500,-3.0025947,-0.038938414,0.06464334,-0.10358176
51550,-3.0501528,-0.011820105,0.06605791,-0.07787803
51600,-2.9771562,0.028764196,0.05907011,-0.030305913
51650,-2.9608703,-1.8900632e-06,0.06657246,-0.06657434
51700,-2.9965234,0.020204466,0.064483985,-0.044279523
51750,-2.9926212,0.06436506,0.06619064,-0.0018255836
51800,-3.0771227,0.059428763,0.060366943,-0.0009381801
51850,-3.040187,0.034413066,0.071677215,-0.03726417
51900,-3.0340776,0.04646952,0.07367257,-0.027203051
51950,-3.075861,0.04996553,0.059372153,-0.0094066225
52000,-3.0855331,0.038434055,0.06890132,-0.030467264
52050,-3.1040509,-0.005597776,0.07882487,-0.084422655
52100,-3.09945,0.043055333,0.081610344,-0.038555034
52150,-3.0516198,-0.013125921,0.06885829,-0.08198421
52200,-3.0904224,-0.03850549,0.08967666,-0.12818214
52250,-3.0621655,0.024724992,0.07363863,-0.048913646
52300,-3.0496466,0.040077377,0.066196375,-0.026119003
52350,-3.0579553,-0.0010199302,0.06279543,-0.06381538
52400,-3.0695105,0.102129266,0.071486555,0.03064272
52450,-3.078878,0.05519123,0.068233825,-0.013042598
52500,-3.0785973,0.055105194,0.057811487,-0.0027062986
52550,-3.0152671,0.040296588,0.06789668,-0.027600087
52600,-3.0925498,0.057862233,0.06840717,-0.010544948
52650,-3.1078882,-0.0028927904,0.070039436,-0.07293223
52700,-3.0531652,0.076705426,0.069912635,0.006792784
52750,-3.0138767,0.031223783,0.06490223,-0.03367844
52800,-3.0020738,0.010141719,0.06461311,-0.054471392
52850,-3.017417,0.04306455,0.058828305,-0.015763767
52900,-3.0347857,-0.015077736,0.06522958,-0.08030729
52950,-3.0704174,0.05972374,0.08409735,-0.024373602
53000,-3.0438583,0.07954144,0.064719364,0.01482209
53050,-3.0578961,0.0471534,0.06554839,-0.018394988
53100,-3.0542054,0.05503605,0.055118505,-8.2444545e-05
53150,-3.0442047,0.017196672,0.07106773,-0.053871036
53200,-2.9929125,0.07908532,0.062261667,0.01682363
53250,-3.0068786,0.06295917,0.057098664,0.005860524
53300,-2.9900239,0.066410944,0.07624381,-0.009832849
53350,-3.005938,0.030046945,0.07756155,-0.04751463
53400,-3.0702899,0.083609715,0.060041633,0.0235681
53450,-3.0817606,-0.00917949,0.08600564,-0.09518513
53500,-3.0255811,0.07934254,0.06673519,0.012607358
53550,-3.0401905,0.06285474,0.07826879,-0.015414043
53600,-3.0212939,0.018540705,0.0717176,-0.05317689
53650,-3.0149431,0.066245496,0.06340731,0.0028381755
53700,-3.019046,0.07025521,0.078089826,-0.007834602
53750,-3.0465658,0.060184684,0.06821838,-0.008033682
53800,-2.9524703,0.021522932,0.0633665,-0.041843552
53850,-2.9611804,0.09366433,0.07786129,0.015803032
53900,-2.998326,0.08270301,0.06792064,0.014782356
53950,-3.0331347,0.031892907,0.059579384,-0.027686482
54000,-3.0126793,0.02315644,0.06957809,-0.046421643
54050,-3.0087817,0.017340109,0.076558895,-0.059218775
54100,-3.0319967,0.03336115,0.07465484,-0.041293673
54150,-3.0012293,-0.024317918,0.054435104,-0.078753024
54200,-3.09887,0.052903436,0.06427858,-0.011375133
54250,-3.064541,0.032010406,0.06900383,-0.03699342
54300,-3.0291467,0.015067403,0.06849135,-0.05342392
54350,-3.0096369,0.062472697,0.06519982,-0.0027271388
54400,-3.0179064,0.045725092,0.055276986,-0.009551888
54450,-3.018485,0.13190374,0.06447946,0.067424275
54500,-3.0450299,0.100040525,0.06847594,0.03156459
54550,-3.0668523,0.055902008,0.07523732,-0.019335302
54600,-3.0147588,0.02334481,0.07641306,-0.053068247
54650,-2.9724073,0.06653123,0.061017536,0.0055137007
54700,-2.9912379,0.028348887,0.06765706,-0.039308175
54750,-3.0293655,0.023669355,0.06558586,-0.041916512
54800,-3.0597546,-0.008058813,0.07435938,-0.082418196
54850,-3.019226,0.076223895,0.06407659,0.012147302
54900,-3.0397403,0.08363578,0.053018417,0.030617375
54950,-3.0348969,0.05628916,0.05780941,-0.0015202507
55000,-2.9664369,0.041191135,0.057688437,-0.0164973
55050,-3.0212858,0.0035218871,0.07617847,-0.07265659
55100,-2.9570723,0.07458609,0.05974639,0.014839701
55150,-2.985323,0.050637215,0.06992615,-0.019288927
55200,-3.0231555,0.022240791,0.07226224,-0.050021462
55250,-3.039823,0.043687105,0.065599605,-0.021912493
55300,-3.0283196,0.04693617,0.085852414,-0.03891624
55350,-3.0134132,0.07035045,0.071691096,-0.0013406309
55400,-2.9919584,0.09212566,0.07201136,0.02011431
55450,-2.9973257,0.010127699,0.06781735,-0.057689648
55500,-3.0449483,0.013934783,0.060146168,-0.046211395
55550,-2.9992106,0.013417151,0.063200474,-0.049783327
55600,-2.971681,0.038234755,0.060642224,-0.02240747
55650,-2.9980254,0.046364576,0.06222871,-0.015864126
55700,-2.9664412,0.022288984,0.056243777,-0.033954803
55750,-2.9902961,0.050306212,0.058669142,-0.00836293
55800,-3.0075054,0.03926752,0.06629507,-0.027027564
55850,-3.0116327,0.02780218,0.061199307,-0.033397112
55900,-3.0207746,0.021198777,0.06667126,-0.04547249
55950,-2.9796295,0.060955442,0.05387022,0.0070852176
56000,-2.9750292,0.017234052,0.051698662,-0.034464613
56050,-3.015627,0.059633087,0.066623814,-0.0069907038
56100,-3.0640113,0.05208191,0.07825336,-0.026171455
56150,-3.058343,0.059182387,0.08567333,-0.026490942
56200,-3.052939,-0.009642933,0.059374075,-0.069017
56250,-2.9815168,0.059370693,0.05649142,0.0028792734
56300,-2.9989824,0.050706916,0.06971953,-0.019012602
56350,-2.993316,0.05214207,0.056742717,-0.0046006497
56400,-3.0303009,0.04458014,0.06446089,-0.01988075
56450,-2.9931927,0.026105257,0.05459526,-0.02849
56500,-2.9516273,0.053284664,0.06328816,-0.010003507
56550,-2.9590576,-0.016109366,0.06867846,-0.08478782
56600,-2.9477112,0.056796532,0.072540954,-0.015744416
56650,-3.0136132,0.014533961,0.058862362,-0.0443284
56700,-3.0403838,0.042177297,0.06664469,-0.024467401
56750,-3.0173485,0.061827824,0.071031675,-0.009203862
56800,-2.9533393,0.046171397,0.06093975,-0.014768362
56850,-3.0107596,0.02761028,0.058058463,-0.030448182
56900,-3.0515857,0.030541426,0.070583895,-0.040042467
56950,-2.9891884,0.02471304,0.05984521,-0.035132162
57000,-2.9897497,0.04383182,0.07676486,-0.032933034
57050,-3.040622,0.048872925,0.06903375,-0.020160818
57100,-2.9901078,0.03892465,0.06033249,-0.021407844
57150,-3.006375,0.030329185,0.06417959,-0.03385041
57200,-3.0386972,-0.023500696,0.057633832,-0.08113451
57250,-2.9694042,0.07191245,0.057317648,0.014594815
57300,-3.0133402,0.02951394,0.06435442,-0.034840476
57350,-3.0257533,0.034974795,0.07084108,-0.035866298
57400,-3.0076544,0.01735738,0.069881424,-0.05252404
57450,-3.0436425,0.07277115,0.0776416,-0.004870444
57500,-3.0496674,0.014524131,0.06408411,-0.04955998
57550,-3.0098584,0.020297218,0.066121824,-0.045824617
57600,-3.0107415,0.039372303,0.061840195,-0.022467883
57650,-3.0239363,0.020542318,0.06538062,-0.044838298
57700,-3.056646,0.06498617,0.06914635,-0.0041601746
57750,-3.0155456,-0.01637119,0.06654359,-0.082914785
57800,-2.9857395,0.012370002,0.061561093,-0.049191087
57850,-3.0448544,0.0030995193,0.0684402,-0.06534069
57900,-3.026938,0.054319583,0.0687766,-0.0144570125
57950,-3.0567694,0.021289978,0.06651956,-0.045229577
58000,-3.0090477,0.08403978,0.07157729,0.012462478
58050,-2.9828446,0.014875028,0.06197131,-0.047096275
58100,-3.08637,0.005334419,0.082962885,-0.07762847
58150,-2.9984393,0.057335738,0.065811746,-0.008476017
58200,-3.018638,0.041599713,0.065629,-0.024029283
58250,-2.9738941,0.07330711,0.058746316,0.0145607935
58300,-3.0048444,0.056277074,0.063646846,-0.0073697697
58350,-2.9932556,0.045975793,0.055297412,-0.009321624
58400,-3.0195105,0.05726851,0.067433745,-0.010165232
58450,-3.0536034,0.06861566,0.05882107,0.009794607
58500,-3.035592,0.029578285,0.07488348,-0.045305207
58550,-3.0400383,0.03761342,0.059887324,-0.022273915
58600,-3.006108,0.013171106,0.061936174,-0.048765074
58650,-2.9959698,0.0061034495,0.080670245,-0.074566774
58700,-2.9626348,0.08092929,0.05283536,0.028093945
58750,-3.007707,0.011382896,0.06436843,-0.05298555
58800,-2.9762824,0.08353507,0.066683695,0.01685136
58850,-2.9748583,0.0857608,0.062033877,0.023726929
58900,-2.9689722,0.05463058,0.07111988,-0.016489305
58950,-3.072738,-0.009009965,0.058710128,-0.067720085
59000,-2.9938538,0.10077981,0.063542396,0.03723742
59050,-3.0160694,0.08126784,0.067242526,0.014025322
59100,-2.9899316,0.06981554,0.06867107,0.001144476
59150,-3.0778358,0.015575039,0.07798114,-0.062406093
59200,-2.943934,0.06155578,0.068069056,-0.006513251
59250,-2.9626305,0.03398084,0.061522983,-0.027542133
59300,-3.000645,0.019221166,0.06571631,-0.04649515
59350,-3.0232995,0.029638842,0.06907111,-0.039432272
59400,-3.0196786,0.0977448,0.06297617,0.034768626
59450,-3.0321984,0.036583506,0.06714473,-0.030561237
59500,-3.0528076,0.0459491,0.054946233,-0.008997129
59550,-2.9788113,0.02637369,0.06964919,-0.043275494
59600,-2.9993885,0.09608892,0.060856074,0.035232857
59650,-2.9974637,0.00029166252,0.072129905,-0.07183825
59700,-3.0123267,0.0032281335,0.07428516,-0.071057014
59750,-2.975437,0.04178132,0.06675015,-0.024968836
59800,-3.0240448,-0.019411474,0.06981067,-0.08922216
59850,-3.055542,0.06314895,0.071999475,-0.008850522
59900,-3.026645,0.04781108,0.06517982,-0.017368723
59950,-3.0523467,0.012908046,0.0658939,-0.052985873
60000,-2.997204,0.06276077,0.07200663,-0.009245869
